{"countries": ["algeria", "angola", "benin", "botswana", "burkina_faso", "burundi", "cameroun", "central_african_republic", "chad", "congo-brazaville", "democratic_republic_of_the_congo", "djibouti", "egypt", "eritrea", "eswatini", "ethiopia", "gabon", "gambia", "ghana", "guinea-buissau", "guinea", "guinea_equitorial", "ivory_coast", "kenya", "lesotho", "liberia", "libya", "madagascar", "malawi", "mali", "marocco", "mauretania", "mozambic", "namibia", "niger", "nigeria", "rwanda", "senegal", "sierra_leone", "somalia", "south_africa", "south_sudan", "sudan", "tanzania", "togo", "tunisia", "uganda", "zambia", "zimbabwe"], "min_x": [-8.668908, 11.4609793, 0.776667, 19.9986474, -5.5132416, 29.0007401, 8.3822176, 14.4155426, 13.47348, 11.0048205, 12.039074, 41.7713139, 24.6499112, 36.4333653, 30.7908, 32.9975838, 8.5002246, -17.0288254, -3.260786, -16.894523, -15.5680508, 5.4172943, -8.601725, 33.9098987, 27.0114632, -11.6080764, 9.391081, 42.9680076, 32.6703616, -12.2402835, -17.2551456, -17.068081, 30.2138197, 11.5280384, 0.1689653, 2.676932, 28.8617546, -17.7862419, -13.5003389, 40.98918, 16.3335213, 23.447778, 21.8145046, 29.3269773, -0.1439746, 7.5219807, 29.573433, 21.9993509, 25.2373], "max_x": [11.997337, 24.0878856, 3.843343, 29.375304, 2.4089717, 30.8498462, 16.1921476, 27.4540764, 24.0, 18.643611, 31.3056758, 43.6579046, 37.1153517, 43.3001714, 32.1349923, 47.9823797, 14.539444, -13.797778, 1.2732942, -13.6348777, -7.6381993, 5.8576424, -2.493031, 41.9067502, 29.4557099, -7.367323, 25.3770629, 50.6727307, 35.9185731, 4.2673828, -0.998429, -4.8333344, 41.0545908, 25.2617671, 15.996667, 14.678014, 30.8990738, -11.3458996, -10.271683, 51.6177696, 33.1023574, 35.948997, 39.0576252, 40.6584071, 1.8087605, 11.8801133, 35.000308, 33.7010986, 33.0683413], "min_y": [18.968147, -18.038945, 6.0398696, -26.9059669, 9.4104718, -4.4693155, 1.6546659, 2.2053898, 7.44107, -5.149089, -13.459035, 10.9149547, 22.0, 12.3548219, -27.3175201, 3.397448, -4.1012261, 13.061, 4.5392525, 10.6514215, 7.1906045, -1.6732196, 4.1621205, -4.8995204, -30.6772773, 4.1555907, 19.5008138, -25.784021, -17.1296031, 10.147811, 21.3365321, 14.7209909, -26.9209427, -28.96945, 11.693756, 4.0690959, -2.8389804, 12.2372838, 6.755, -1.8031969, -35.0337592, 3.48898, 8.685278, -11.761254, 5.926547, 30.230236, -1.4823179, -18.0765945, -22.4241096], "max_y": [37.2962055, -5.826426, 12.4092447, -17.778137, 15.084, -2.3096796, 13.083333, 11.001389, 23.4975, 3.713056, 5.3920026, 12.7923081, 31.8330854, 18.0709917, -25.71876, 14.8940537, 2.3182171, 13.8253137, 11.1748562, 12.6862384, 12.67563, -1.202, 10.740197, 4.62, -28.570615, 8.5519861, 33.3545898, -11.732889, -9.3683261, 25.001084, 36.0505269, 27.314942, -10.3252149, -16.9634855, 23.517178, 13.885645, -1.0474083, 16.6919712, 9.999973, 12.1889121, -22.1250301, 12.236389, 22.224918, -0.9854812, 11.1395102, 37.7612052, 4.2340766, -8.2712822, -15.6097033], "global_min_x": -17.7862419, "global_max_x": 51.6177696, "global_min_y": -35.0337592, "global_max_y": 37.7612052}